{
	"custom_trains": {
		"skd_tlk": {
			"name": "TLK wersja dla SKD",
			"description": "UWAGA. możliwość używania tylko przez pociągi SKD.",
			"wikipedia_article": "",
			"color": "9E05C4",
			"gangway_connection_id": "",
			"train_barrier_id": "",
			"door_animation_type": "PLUG_SLOW",
			"render_door_overlay": false,
			"rider_offset": 0.0,
			"speed_sound_base_id": "class_377",
			"speed_sound_count": 48,
			"door_sound_base_id": "class_802",
			"texture_id": "mtr:skd_tlk/skd_tlk",
			"model": "mtr:skd_tlk/skd_tlk.bbmodel",
			"model_properties": "mtr:skd_tlk/skd_tlk.json"
		},
		"sound_train": {
			"name": "Pociag dzwiekowy",
			"description": "UWAGA. Zakaz uzywania tych pociagow",
			"wikipedia_article": "",
			"color": "9E05C4",
			"gangway_connection_id": "",
			"train_barrier_id": "",
			"render_door_overlay": false,
			"rider_offset": 0.0,
			"speed_sound_base_id": "class_377",
			"speed_sound_count": 48,
			"door_sound_base_id": "sound_train",
			"texture_id": "mtr:skd_tlk/skd_tlk",
			"model": "mtr:skd_tlk/skd_tlk.bbmodel",
			"model_properties": "mtr:skd_tlk/skd_tlk.json"
		}
	}
}