{"transport_mode":"TRAIN","length":24,"width":2,"door_max":13,"parts":[{"name":"head","stage":"INTERIOR","mirror":true,"skip_rendering_if_too_far":false,"door_offset":"NONE","render_condition":"ALL","positions":[[0.0,-160.0]],"whitelisted_cars":"1","blacklisted_cars":"%1"},{"name":"head_exterior","stage":"EXTERIOR","mirror":true,"skip_rendering_if_too_far":false,"door_offset":"NONE","render_condition":"ALL","positions":[[0.0,-160.0]],"whitelisted_cars":"1","blacklisted_cars":"%1"},{"name":"headlights","stage":"ALWAYS_ON_LIGHTS","mirror":true,"skip_rendering_if_too_far":false,"door_offset":"NONE","render_condition":"ALL","positions":[[0.0,-160.0]],"whitelisted_cars":"1","blacklisted_cars":"%1"},{"name":"roof_exterior","stage":"EXTERIOR","mirror":true,"skip_rendering_if_too_far":false,"door_offset":"NONE","render_condition":"ALL","positions":[[0.0,-121.0],[0.0,-91.0],[0.0,-61.0],[0.0,-31.0],[0.0,-1.0],[0.0,29.0],[0.0,59.0],[0.0,89.0],[0.0,119.0],[0.0,158.0],[0.0,140.0],[0.0,-153.0],[0.0,-178.0]],"whitelisted_cars":"1","blacklisted_cars":"%1"},{"name":"roof_exterior","stage":"EXTERIOR","mirror":false,"skip_rendering_if_too_far":false,"door_offset":"NONE","render_condition":"ALL","positions":[[0.0,-121.0],[0.0,-91.0],[0.0,-61.0],[0.0,-31.0],[0.0,-1.0],[0.0,29.0],[0.0,59.0],[0.0,89.0],[0.0,119.0],[0.0,158.0],[0.0,140.0],[0.0,-153.0],[0.0,-178.0]],"whitelisted_cars":"1","blacklisted_cars":"%1"},{"name":"window_exterior_1","stage":"EXTERIOR","mirror":false,"skip_rendering_if_too_far":false,"door_offset":"NONE","render_condition":"ALL","positions":[[0.0,-129.0],[0.0,-86.0],[0.0,-70.0],[0.0,-40.0],[0.0,-10.0],[0.0,20.0],[0.0,50.0],[0.0,80.0],[0.0,110.0],[0.0,-110.0]],"whitelisted_cars":"1","blacklisted_cars":"%1"},{"name":"window_exterior_2","stage":"EXTERIOR","mirror":false,"skip_rendering_if_too_far":false,"door_offset":"NONE","render_condition":"ALL","positions":[[0.0,-129.0],[0.0,-86.0],[0.0,-70.0],[0.0,-40.0],[0.0,-10.0],[0.0,20.0],[0.0,50.0],[0.0,80.0],[0.0,110.0],[0.0,-110.0]],"whitelisted_cars":"1","blacklisted_cars":"%1"},{"name":"head","stage":"EXTERIOR","mirror":false,"skip_rendering_if_too_far":false,"door_offset":"NONE","render_condition":"ALL","positions":[[0.0,160.0]],"whitelisted_cars":"1","blacklisted_cars":"%1"},{"name":"head_exterior","stage":"EXTERIOR","mirror":false,"skip_rendering_if_too_far":false,"door_offset":"NONE","render_condition":"ALL","positions":[[0.0,140.0]],"whitelisted_cars":"1","blacklisted_cars":"%1"},{"name":"end","stage":"INTERIOR","mirror":true,"skip_rendering_if_too_far":false,"door_offset":"NONE","render_condition":"ALL","positions":[[0.0,-151.0]],"whitelisted_cars":"%1","blacklisted_cars":"1"},{"name":"end_exterior","stage":"EXTERIOR","mirror":true,"skip_rendering_if_too_far":false,"door_offset":"NONE","render_condition":"ALL","positions":[[0.0,-151.0]],"whitelisted_cars":"%1","blacklisted_cars":"1"},{"name":"roof_exterior2","stage":"EXTERIOR","mirror":false,"skip_rendering_if_too_far":false,"door_offset":"NONE","render_condition":"ALL","positions":[[0.0,-120.0],[0.0,-90.0],[0.0,-60.0],[0.0,-30.0],[0.0,0.0],[0.0,30.0],[0.0,60.0],[0.0,90.0],[0.0,120.0]],"whitelisted_cars":"%1","blacklisted_cars":"1"},{"name":"roof_exterior2","stage":"EXTERIOR","mirror":true,"skip_rendering_if_too_far":false,"door_offset":"NONE","render_condition":"ALL","positions":[[0.0,-160.0],[0.0,-130.0]],"whitelisted_cars":"%1","blacklisted_cars":"1"},{"name":"seat","stage":"INTERIOR","mirror":false,"skip_rendering_if_too_far":false,"door_offset":"NONE","render_condition":"ALL","positions":[[0.0,-90.0],[0.0,-60.0],[0.0,-30.0],[0.0,0.0],[0.0,30.0],[0.0,60.0],[0.0,90.0]],"whitelisted_cars":"%1","blacklisted_cars":"1"},{"name":"window_shindai","stage":"INTERIOR","mirror":false,"skip_rendering_if_too_far":false,"door_offset":"NONE","render_condition":"ALL","positions":[[0.0,-120.0],[0.0,-90.0],[0.0,-60.0],[0.0,-30.0],[0.0,0.0],[0.0,30.0],[0.0,60.0],[0.0,90.0],[0.0,120.0]],"whitelisted_cars":"%1","blacklisted_cars":"1"},{"name":"end","stage":"INTERIOR","mirror":false,"skip_rendering_if_too_far":false,"door_offset":"NONE","render_condition":"ALL","positions":[[0.0,151.0]],"whitelisted_cars":"%1","blacklisted_cars":"1"},{"name":"end_light","stage":"ALWAYS_ON_LIGHTS","mirror":false,"skip_rendering_if_too_far":false,"door_offset":"NONE","render_condition":"ALL","positions":[[0.0,151.0],[0.0,-123.0]],"whitelisted_cars":"%1","blacklisted_cars":"1"},{"name":"end_translucent","stage":"INTERIOR_TRANSLUCENT","mirror":false,"skip_rendering_if_too_far":false,"door_offset":"NONE","render_condition":"ALL","positions":[[0.0,151.0]],"whitelisted_cars":"%1","blacklisted_cars":"1"},{"name":"end_exterior","stage":"EXTERIOR","mirror":false,"skip_rendering_if_too_far":false,"door_offset":"NONE","render_condition":"ALL","positions":[[0.0,151.0]],"whitelisted_cars":"%1","blacklisted_cars":"1"},{"name":"roof_exterior2","stage":"EXTERIOR","mirror":true,"skip_rendering_if_too_far":false,"door_offset":"NONE","render_condition":"ALL","positions":[[0.0,-121.0],[0.0,-91.0],[0.0,-61.0],[0.0,-31.0],[0.0,-1.0],[0.0,29.0],[0.0,59.0],[0.0,89.0],[0.0,119.0],[0.0,-181.0],[0.0,181.0],[0.0,160.0],[0.0,145.0]],"whitelisted_cars":"%1","blacklisted_cars":"1"},{"name":"window_exterior","stage":"EXTERIOR","mirror":false,"skip_rendering_if_too_far":false,"door_offset":"NONE","render_condition":"ALL","positions":[[0.0,-120.0],[0.0,-90.0],[0.0,-60.0],[0.0,-30.0],[0.0,0.0],[0.0,30.0],[0.0,60.0],[0.0,90.0],[0.0,120.0]],"whitelisted_cars":"%1","blacklisted_cars":"1"},{"name":"roof_exterior2","stage":"EXTERIOR","mirror":false,"skip_rendering_if_too_far":false,"door_offset":"NONE","render_condition":"ALL","positions":[[0.0,-121.0],[0.0,-91.0],[0.0,-61.0],[0.0,-31.0],[0.0,-1.0],[0.0,29.0],[0.0,59.0],[0.0,89.0],[0.0,119.0],[0.0,-181.0],[0.0,181.0],[0.0,-151.0],[0.0,140.0],[0.0,151.0]],"whitelisted_cars":"%1","blacklisted_cars":"1"},{"name":"roof_vent","stage":"EXTERIOR","mirror":true,"skip_rendering_if_too_far":false,"door_offset":"NONE","render_condition":"ALL","positions":[[0.0,-151.0]],"whitelisted_cars":"","blacklisted_cars":""},{"name":"roof_vent","stage":"EXTERIOR","mirror":false,"skip_rendering_if_too_far":false,"door_offset":"NONE","render_condition":"ALL","positions":[[0.0,151.0]],"whitelisted_cars":"%1","blacklisted_cars":"1"},{"name":"bottom_middle","stage":"EXTERIOR","mirror":false,"skip_rendering_if_too_far":false,"door_offset":"NONE","render_condition":"ALL","positions":[[0.0,-61.0],[0.0,-31.0],[0.0,-1.0],[0.0,29.0],[0.0,59.0],[0.0,69.0]],"whitelisted_cars":"%1","blacklisted_cars":"1"},{"name":"bottom_end","stage":"EXTERIOR","mirror":false,"skip_rendering_if_too_far":false,"door_offset":"NONE","render_condition":"ALL","positions":[[0.0,-83.0],[0.0,85.0]],"whitelisted_cars":"%1","blacklisted_cars":"1"},{"name":"bogie","stage":"EXTERIOR","mirror":false,"skip_rendering_if_too_far":false,"door_offset":"NONE","render_condition":"ALL","positions":[[0.0,-141.0],[0.0,109.0]],"whitelisted_cars":"","blacklisted_cars":"1"},{"name":"veryend","stage":"EXTERIOR","mirror":false,"skip_rendering_if_too_far":false,"door_offset":"NONE","render_condition":"ALL","positions":[[0.0,151.0]],"whitelisted_cars":"-1","blacklisted_cars":"%1"},{"name":"tail_lights","stage":"ALWAYS_ON_LIGHTS","mirror":false,"skip_rendering_if_too_far":false,"door_offset":"NONE","render_condition":"MOVING_FORWARDS","positions":[[0.0,151.0]],"whitelisted_cars":"-1","blacklisted_cars":"%1"},{"name":"window_light","stage":"LIGHTS","mirror":false,"skip_rendering_if_too_far":false,"door_offset":"NONE","render_condition":"ALL","positions":[[0.0,-120.0],[0.0,-90.0],[0.0,-60.0],[0.0,-30.0],[0.0,0.0],[0.0,30.0],[0.0,60.0],[0.0,90.0],[0.0,120.0]],"whitelisted_cars":"%1","blacklisted_cars":"1"},{"name":"window_light","stage":"LIGHTS","mirror":true,"skip_rendering_if_too_far":false,"door_offset":"NONE","render_condition":"ALL","positions":[[0.0,-120.0],[0.0,-90.0],[0.0,-60.0],[0.0,-30.0],[0.0,0.0],[0.0,30.0],[0.0,60.0],[0.0,90.0],[0.0,120.0]],"whitelisted_cars":"","blacklisted_cars":""},{"name":"end_light","stage":"LIGHTS","mirror":false,"skip_rendering_if_too_far":false,"door_offset":"NONE","render_condition":"ALL","positions":[[0.0,160.0]],"whitelisted_cars":"","blacklisted_cars":""},{"name":"door_1","stage":"INTERIOR","mirror":false,"skip_rendering_if_too_far":false,"door_offset":"RIGHT_POSITIVE","render_condition":"ALL","positions":[[0.0,-170.0],[0.0,151.0]],"whitelisted_cars":"%1","blacklisted_cars":"1"},{"name":"door_2","stage":"INTERIOR","mirror":false,"skip_rendering_if_too_far":false,"door_offset":"LEFT_POSITIVE","render_condition":"ALL","positions":[[0.0,-170.0],[0.0,151.0]],"whitelisted_cars":"%1","blacklisted_cars":"1"},{"name":"door_exterior_2","stage":"EXTERIOR","mirror":false,"skip_rendering_if_too_far":false,"door_offset":"LEFT_POSITIVE","render_condition":"ALL","positions":[[0.0,-170.0],[0.0,151.0]],"whitelisted_cars":"%1","blacklisted_cars":"1"},{"name":"door_light_off","stage":"LIGHTS","mirror":false,"skip_rendering_if_too_far":false,"door_offset":"NONE","render_condition":"DOOR_RIGHT_CLOSED","positions":[[0.0,-170.0],[0.0,151.0]],"whitelisted_cars":"%1","blacklisted_cars":"1"},{"name":"door_light_on","stage":"LIGHTS","mirror":false,"skip_rendering_if_too_far":false,"door_offset":"NONE","render_condition":"DOOR_RIGHT_OPEN","positions":[[0.0,-170.0],[0.0,151.0]],"whitelisted_cars":"%1","blacklisted_cars":"1"},{"name":"door_exterior_1","stage":"EXTERIOR","mirror":false,"skip_rendering_if_too_far":false,"door_offset":"RIGHT_POSITIVE","render_condition":"ALL","positions":[[0.0,-170.0],[0.0,151.0]],"whitelisted_cars":"%1","blacklisted_cars":"1"},{"name":"veryend2","stage":"EXTERIOR","mirror":false,"skip_rendering_if_too_far":false,"door_offset":"NONE","render_condition":"ALL","positions":[[0.0,-241.5]],"whitelisted_cars":"2","blacklisted_cars":"%1"},{"name":"window_shindai","stage":"INTERIOR","mirror":true,"skip_rendering_if_too_far":false,"door_offset":"NONE","render_condition":"ALL","positions":[[0.0,-120.0],[0.0,-90.0],[0.0,-60.0],[0.0,-30.0],[0.0,0.0],[0.0,30.0],[0.0,60.0],[0.0,90.0],[0.0,120.0]],"whitelisted_cars":"%1","blacklisted_cars":"1"},{"name":"window_exterior","stage":"EXTERIOR","mirror":true,"skip_rendering_if_too_far":false,"door_offset":"NONE","render_condition":"ALL","positions":[[0.0,-120.0],[0.0,-90.0],[0.0,-60.0],[0.0,-30.0],[0.0,0.0],[0.0,30.0],[0.0,60.0],[0.0,90.0],[0.0,120.0]],"whitelisted_cars":"%1","blacklisted_cars":"1"},{"name":"bottom_middle","stage":"EXTERIOR","mirror":true,"skip_rendering_if_too_far":false,"door_offset":"NONE","render_condition":"ALL","positions":[[0.0,-61.0],[0.0,-31.0],[0.0,-1.0],[0.0,29.0],[0.0,59.0],[0.0,69.0]],"whitelisted_cars":"%1","blacklisted_cars":"1"},{"name":"bottom_end","stage":"EXTERIOR","mirror":true,"skip_rendering_if_too_far":false,"door_offset":"NONE","render_condition":"ALL","positions":[[0.0,-83.0],[0.0,85.0]],"whitelisted_cars":"%1","blacklisted_cars":"1"},{"name":"bogie2","stage":"EXTERIOR","mirror":false,"skip_rendering_if_too_far":false,"door_offset":"NONE","render_condition":"ALL","positions":[[0.0,-150.0],[0.0,95.0]],"whitelisted_cars":"1","blacklisted_cars":"%1"},{"name":"door_light_off2","stage":"LIGHTS","mirror":false,"skip_rendering_if_too_far":false,"door_offset":"NONE","render_condition":"DOOR_LEFT_CLOSED","positions":[[0.0,-170.0],[0.0,151.0]],"whitelisted_cars":"%1","blacklisted_cars":"1"},{"name":"door_light_on2","stage":"LIGHTS","mirror":false,"skip_rendering_if_too_far":false,"door_offset":"NONE","render_condition":"DOOR_LEFT_OPEN","positions":[[0.0,-170.0],[0.0,151.0]],"whitelisted_cars":"","blacklisted_cars":""},{"name":"Door_Station_Display2","stage":"EXTERIOR","mirror":false,"skip_rendering_if_too_far":false,"door_offset":"LEFT_POSITIVE","render_condition":"ALL","positions":[[0.0,-170.0],[0.0,151.0]],"whitelisted_cars":"%1","blacklisted_cars":"1"},{"name":"Door_Destination_Display2","stage":"EXTERIOR","mirror":false,"skip_rendering_if_too_far":false,"door_offset":"LEFT_POSITIVE","render_condition":"ALL","positions":[[0.0,-170.0],[0.0,151.0]],"whitelisted_cars":"%1","blacklisted_cars":"1"},{"name":"Door_Destination_Display1","stage":"EXTERIOR","mirror":false,"skip_rendering_if_too_far":false,"door_offset":"RIGHT_POSITIVE","render_condition":"ALL","positions":[[0.0,-170.0],[0.0,151.0]],"whitelisted_cars":"%1","blacklisted_cars":"1"},{"name":"Door_Station_Display1","stage":"EXTERIOR","mirror":false,"skip_rendering_if_too_far":false,"door_offset":"RIGHT_POSITIVE","render_condition":"ALL","positions":[[0.0,-170.0],[0.0,151.0]],"whitelisted_cars":"%1","blacklisted_cars":"1"},{"name":"Door_Station_Display_1","stage":"EXTERIOR","mirror":false,"skip_rendering_if_too_far":false,"door_offset":"RIGHT_POSITIVE","render_condition":"ALL","positions":[[0.0,-170.0],[0.0,151.0]],"whitelisted_cars":"%1","blacklisted_cars":"1","display":{"x_padding":0.0,"y_padding":0.0,"cjk_size_ratio":0.0,"type":"NEXT_STATION_PLAIN","color_cjk":"FF9900","color":"FF9900","should_scroll":true,"force_upper_case":false,"force_single_line":true}},{"name":"Door_Station_Display_2","stage":"EXTERIOR","mirror":false,"skip_rendering_if_too_far":false,"door_offset":"LEFT_POSITIVE","render_condition":"ALL","positions":[[0.0,-170.0],[0.0,151.0]],"whitelisted_cars":"%1","blacklisted_cars":"1","display":{"x_padding":0.0,"y_padding":0.0,"cjk_size_ratio":0.0,"type":"NEXT_STATION_PLAIN","color_cjk":"FF9900","color":"FF9900","should_scroll":true,"force_upper_case":false,"force_single_line":true}},{"name":"Door_Destination_Display_1","stage":"EXTERIOR","mirror":false,"skip_rendering_if_too_far":false,"door_offset":"RIGHT_POSITIVE","render_condition":"ALL","positions":[[0.0,-170.0],[0.0,151.0]],"whitelisted_cars":"%1","blacklisted_cars":"1","display":{"x_padding":0,"y_padding":0,"cjk_size_ratio":0,"type":"DESTINATION","color_cjk":"FF9900","color":"FF9900","should_scroll":true,"force_upper_case":false,"force_single_line":true}},{"name":"Door_Destination_Display_2","stage":"EXTERIOR","mirror":false,"skip_rendering_if_too_far":false,"door_offset":"LEFT_POSITIVE","render_condition":"ALL","positions":[[0.0,-170.0],[0.0,151.0]],"whitelisted_cars":"%1","blacklisted_cars":"1","display":{"x_padding":0,"y_padding":0,"cjk_size_ratio":0,"type":"ROUTE_NUMBER","color_cjk":"FF9900","color":"FF9900","should_scroll":true,"force_upper_case":false,"force_single_line":true}},{"name":"Door_Route_Display_1","stage":"EXTERIOR","mirror":false,"skip_rendering_if_too_far":false,"door_offset":"RIGHT_POSITIVE","render_condition":"ALL","positions":[[0.0,-170.0],[0.0,151.0]],"whitelisted_cars":"%1","blacklisted_cars":"1","display":{"x_padding":0,"y_padding":0,"cjk_size_ratio":0,"type":"ROUTE_NUMBER","color_cjk":"FF9900","color":"FF9900","should_scroll":false,"force_upper_case":false,"force_single_line":true}},{"name":"Door_Route_Display_2","stage":"EXTERIOR","mirror":false,"skip_rendering_if_too_far":false,"door_offset":"LEFT_POSITIVE","render_condition":"ALL","positions":[[0.0,-170.0],[0.0,151.0]],"whitelisted_cars":"%1","blacklisted_cars":"1","display":{"x_padding":0.0,"y_padding":0.0,"cjk_size_ratio":0.0,"type":"ROUTE_NUMBER","color_cjk":"FF9900","color":"FF9900","should_scroll":false,"force_upper_case":false,"force_single_line":true}},{"name":"2class","stage":"EXTERIOR","mirror":false,"skip_rendering_if_too_far":false,"door_offset":"NONE","render_condition":"ALL","positions":[[0.0,-135.0],[0.0,150.0]],"whitelisted_cars":"%1","blacklisted_cars":"1"},{"name":"Seats","stage":"INTERIOR","mirror":true,"skip_rendering_if_too_far":false,"door_offset":"NONE","render_condition":"ALL","positions":[[0.0,-90.0],[0.0,-60.0],[0.0,-30.0],[0.0,0.0],[0.0,30.0],[0.0,60.0],[0.0,90.0]],"whitelisted_cars":"%1","blacklisted_cars":"1"},{"name":"Glass","stage":"ALWAYS_ON_LIGHTS","mirror":false,"skip_rendering_if_too_far":false,"door_offset":"NONE","render_condition":"ALL","positions":[[0.0,-90.0],[0.0,-60.0],[0.0,-30.0],[0.0,0.0],[0.0,30.0],[0.0,60.0],[0.0,90.0]],"whitelisted_cars":"","blacklisted_cars":""},{"name":"End_Display","stage":"INTERIOR","mirror":true,"skip_rendering_if_too_far":false,"door_offset":"NONE","render_condition":"ALL","positions":[[0.0,-151.0]],"whitelisted_cars":"%1","blacklisted_cars":"1","display":{"x_padding":0.0,"y_padding":0.0,"cjk_size_ratio":0.0,"type":"NEXT_STATION_UK","color_cjk":"FF9900","color":"FF9900","should_scroll":true,"force_upper_case":false,"force_single_line":true}},{"name":"End_Display","stage":"INTERIOR","mirror":false,"skip_rendering_if_too_far":false,"door_offset":"NONE","render_condition":"ALL","positions":[[0.0,151.0]],"whitelisted_cars":"%1","blacklisted_cars":"1","display":{"x_padding":0.0,"y_padding":0.0,"cjk_size_ratio":0.0,"type":"NEXT_STATION_UK","color_cjk":"FF9900","color":"FF9900","should_scroll":true,"force_upper_case":false,"force_single_line":true}}]}